{"step": 999500, "eval/returns": 5088.8770747033395, "eval/step_per_episode": 863.9, "eval/average_rewards": 5.822493729355626, "_timestamp": 1763455229.792177, "_runtime": 17725.732043027878, "_step": 3564, "train/returns": 5591.300569024017, "train/step_per_episode": 1000, "train/average_rewards": 5.591300569024017, "critic_loss": 58.47816641235352, "critic_reset_loss": 0.0014257505282002966, "q1_pred_mean": 3.660672580718994, "q1_pred_std": 187.2731642150879, "q2_pred_mean": 3.6635770382881163, "q2_pred_std": 187.26608180236818, "q_reset_pred_mean": 0.001665306732058525, "q_reset_pred_std": 0.2991023707687855, "fq": 5.1630226335525515, "fq_reset": 0.0003814404135464429, "policy_loss": -4.290690263509751, "temperature": 0.0727464083135128, "reset_cost": 11.050612752914429, "_wandb": {"runtime": 17733}}